full_name,nickname,photo,email,password
Eddard Stark,Ned,http://www.expungecenter.com/wp-content/uploads/2013/09/mugshots-philadelphia.jpg,NReaps1933@rhyta.com,cas;ldkfhja;olshdr2eoq
Petyr Baelish,Little Finger,http://www.wpclipart.com/famous/mugshots/tattoo/tattoo_mugshot.jpg,Samen7013@einrot.com,"as;ldkfjalkx,zan2WQETRQ"
John Snow,John Snow,http://dstar1.vo.llnwd.net/o1/jj/jf2/wp-content/uploads/2009/05/mugweb.jpg,Heree5458@einrot.com,@#$@#$@#fe
Bron,Bron Bron,http://i.imgur.com/kOxonvV.jpg,VMoson6556@gustr.com,asdf(&*
Sansa Stark,SS,http://www.mma-core.com/images/photos/full/Jeremy_Stephens_Mugshot_10033157.jpg,OMayses85@rhyta.com,lkj@#$
Tyrion Lannister,the Imp,http://www.crimelibrary.com/blog/files/2013/07/p-judy-powell-mugshot.jpg,BNork1992@fleckens.hu,hsdhis
"Daenerys Stormborn of House Targaryen, Queen of the Andals and the First Men, Khaleesi of the Great Grass Sea, Breaker of Chains, Mother of Dragons",Dani,http://cdn-s3.thewrap.com/images/2014/01/justin-bieber-mugshot1.jpg,Shorce48@superrito.com,laksdjfl97
Cersei Lannister,God I hate Cersei,http://im41.com/wp-content/uploads/2013/08/2013-Miss-Mugshot-Contestant.jpg,UHish1984@fleckens.hu,Alskdjflk-39#$
Gregor Clegane,The MOUNTAIN,http://i1.cdnds.net/13/12/618x752/mel-gibson-mugshot.jpg,Followly42@jourrapide.com,lslsls***
Sandor Clegane,t3h I-I0u&,http://www.tomorrowstarted.com/wp-content/uploads/2011/12/steven-meisel-W-mugshots-1s.jpg,YBourfere5035@jourrapide.com,****o****